Apartment Name,Short Description,Rooms and Bathrooms,Price per Night,Host Name,Account Active Since,Guest favourite stars,Guest favourite reviews
"72 ""3"" Huge Bright room by Iight rail/Bus/WIFI","Room in Jersey City, New Jersey, United States",1 queen bed Â·  Â· Shared bathroom,â‚¬Â 32Â ,Hosted by Henry,11 years hosting,Not guest favourite,Not guest favourite
Untitled at 3 Freeman - Sky King,"Entire rental unit in New York, United States",2 guests Â·  Â· 1 bedroom Â·  Â· 1 bed Â·  Â· 1 bath,â‚¬Â 337Â ,Hosted by Untitled, Â· 6 years hosting,Not guest favourite,Not guest favourite
your own floor in stunning West Village townhouse,"Room in New York, United States",1 single bed Â·  Â· Dedicated bathroom,â‚¬Â 149Â ,Stay with Ann, Â· 13 years hosting,Not guest favourite,Not guest favourite
Good Vibes  1BR ! Walk to NJ Penn ! 30 min to NYC,"Entire rental unit in Newark, New Jersey, United States",4 guests Â·  Â· 1 bedroom Â·  Â· 2 beds Â·  Â· 1 bath,â‚¬Â 156Â ,Hosted by Joe, Â· 4 years hosting,5.0,9
COZY ROOM,"Room in Englewood, New Jersey, United States",1 single bed Â·  Â· Shared bathroom,â‚¬Â 56Â ,Hosted by Ana Griselda, Â· 7 years hosting,4.82,110
Come share space with Nicosia in East New York,"Room in Brooklyn, New York, United States",1 king bed Â·  Â· Shared bathroom,â‚¬Â 109Â ,Hosted by Nicosia, Â· 8 months hosting,Not guest favourite,Not guest favourite
Skyline Views from a Luxe High-Rise in NYC,"Entire rental unit in New York, United States",2 guests Â·  Â· 1 bedroom Â·  Â· 1 bed Â·  Â· 1 bath,â‚¬Â 353Â ,Hosted by Maya, Â· 5 years hosting,5.0,6
Precious Private Bedroom in 1Bd Apt,"Private room in rental unit in Queens, New York, United States",1 guest Â·  Â· 1 bedroom Â·  Â· 1 private bath,â‚¬Â 125Â ,Hosted by Rose, Â· 2 years hosting,Not guest favourite,Not guest favourite
Untitled at 3 Freeman - Studio Queen,"Entire rental unit in New York, United States",2 guests Â·  Â· 1 bedroom Â·  Â· 1 bed Â·  Â· 1 bath,â‚¬Â 264Â ,Hosted by Untitled, Â· 6 years hosting,Not guest favourite,Not guest favourite
Private retreat on a quiet block,"Room in Brooklyn, New York, United States",1 single bed Â·  Â· Private attached bathroom,â‚¬Â 83Â ,Stay with Brooklyn, Â· 4 years hosting,Not guest favourite,Not guest favourite
Spacious Apt | 24/7 Onsite Team | Sparkling Clean,"Entire serviced apartment in Clifton, New Jersey, United States",2 guests Â·  Â· 1 bedroom Â·  Â· 1 bed Â·  Â· 1 bath,â‚¬Â 167Â ,Hosted by Ave, Â· 5 years hosting,4.87,97
Gorgeous Private room in NYC blocks from RUMC F1R1,"Room in Staten Island, New York, United States",1 bed Â·  Â· Shared bathroom,â‚¬Â 70Â ,Hosted by Aicha,4 years hosting,4.94,16
Lovely Cozy Private Room,"Room in East Orange, New Jersey, United States",1 double bed Â·  Â· Private attached bathroom,â‚¬Â 51Â ,Hosted by Sharon, Â· 2 years hosting,Not guest favourite,Not guest favourite
Experience a Cozy room near RWJ Barnabas/NYC/EWR,"Room in Rahway, New Jersey, United States",1 double bed Â·  Â· Shared bathroom,â‚¬Â 44Â ,Hosted by Auberg, Â· 11 months hosting,Not guest favourite,Not guest favourite
Large Room in shared basement apartment,"Room in Mount Vernon, New York, United States",1 queen bed Â·  Â· Shared bathroom,â‚¬Â 48Â ,Hosted by Yulia, Â· 8 years hosting,Not guest favourite,Not guest favourite
"AKA Times Square - Studio with Office,","Entire rental unit in New York, United States",3 guests Â·  Â· Studio Â·  Â· 1 bed Â·  Â· 1 bath,â‚¬Â 437Â ,Hosted by Aka Times Square,6 years hosting,Not guest favourite,Not guest favourite
Close To Airport & Beth Hospital,"Room in Newark, New Jersey, United States",1 bed Â·  Â· Shared bathroom,â‚¬Â 43Â ,Hosted by Supreme Comfort, Â· 8 years hosting,4.85,26
Style & Comfort in Hillside â€”> super easy to NY A8,"Room in Hillside, New Jersey, United States",1 double bed Â·  Â· Shared bathroom,â‚¬Â 43Â ,Hosted by Lucas,5 years hosting,5.0,5
BD 2B - Newark NJ_Room_private,"Room in Newark, New Jersey, United States",1 queen bed Â·  Â· Shared bathroom,â‚¬Â 42Â ,Stay with Gloria, Â· 9 months hosting,4.91,11
Spacious and cozy home. Close to bus and train,"Room in City of Orange, New Jersey, United States",1 queen bed Â·  Â· Shared bathroom,â‚¬Â 53Â ,Stay with Sherene, Â· 5 years hosting,Not guest favourite,Not guest favourite
Master Bedroom in lovely Rahway,"Room in Rahway, New Jersey, United States",1 bedroom Â·  Â· Shared bathroom,â‚¬Â 43Â ,Stay with Brian, Â· 2 years hosting,5.0,8
Harmony in the Heights - BR 2,"Room in Newark, New Jersey, United States",1 double bed Â·  Â· Shared bathroom,â‚¬Â 44Â ,Hosted by Joanna, Â· 8 months hosting,Not guest favourite,Not guest favourite
Simply luxurious getaway.,"Room in Elmont, New York, United States",1 queen bed Â·  Â· Shared bathroom,â‚¬Â 93Â ,Hosted by Madinat, Â· 2 years hosting,Not guest favourite,Not guest favourite
Perfect room in Newark,"Room in Newark, New Jersey, United States",1 bed Â·  Â· Shared bathroom,â‚¬Â 50Â ,Hosted by Djalma, Â· 2 years hosting,Not guest favourite,Not guest favourite
Big Mama's House 2,"Room in Paterson, New Jersey, United States",1 bedroom Â·  Â· Shared bathroom,â‚¬Â 51Â ,Hosted by Cheryl, Â· 7 years hosting,5.0,7
"Modern room in Bergen County near NYC, FEMALe ONLY","Room in Saddle Brook, New Jersey, United States",1 bed Â·  Â· Shared bathroom,â‚¬Â 70Â ,Hosted by Joana, Â· 3 years hosting,Not guest favourite,Not guest favourite
"Stunning 1BR with Yard, Quick Train Ride to NYC!","Entire rental unit in Newark, New Jersey, United States",3 guests Â·  Â· 1 bedroom Â·  Â· 2 beds Â·  Â· 1 bath,â‚¬Â 128Â ,Hosted by Juan, Â· 10 months hosting,Not guest favourite,Not guest favourite
Comfy one bedroom,"Room in East Orange, New Jersey, United States",1 bedroom Â·  Â· Shared bathroom,â‚¬Â 47Â ,Hosted by Sharon, Â· 2 years hosting,5.0,22
Best traveling stay,"Room in Elizabeth, New Jersey, United States",1 bedroom Â·  Â· Shared bathroom,â‚¬Â 48Â ,Hosted by Venturaa, Â· 2 years hosting,5.0,6
Colorful cozy room,"Room in City of Orange, New Jersey, United States",1 double bed Â·  Â· Shared bathroom,â‚¬Â 37Â ,Stay with Sherene, Â· 5 years hosting,Not guest favourite,Not guest favourite
Cozy Haven: Homeway from Home,"Room in Jersey City, New Jersey, United States",1 queen bed Â·  Â· Shared half bathroom,â‚¬Â 67Â ,Hosted by Sumana,3 months hosting,Not guest favourite,Not guest favourite
Comfy Private Bedroom at JSQ,"Room in Jersey City, New Jersey, United States",1 single bed Â·  Â· Shared bathroom,â‚¬Â 79Â ,Stay with Pratik, Â· 4 years hosting,Not guest favourite,Not guest favourite
Nice room w/ Queen bedâ€”> easy to NYC/EWR/Outlet A6,"Room in Hillside, New Jersey, United States",1 queen bed Â·  Â· Shared bathroom,â‚¬Â 43Â ,Hosted by Lucas,5 years hosting,Not guest favourite,Not guest favourite
Private room in Maplewood,"Room in Maplewood, New Jersey, United States",1 bed Â·  Â· Shared bathroom,â‚¬Â 48Â ,Hosted by Oluwatobi, Â· 7 months hosting,Not guest favourite,Not guest favourite
Feel like home in a cozy private room,"Private room in townhouse in Bronx, New York, United States",2 guests Â·  Â· 1 bedroom Â·  Â· 1 bed Â·  Â· 1 shared bath,â‚¬Â 88Â ,Hosted by John, Â· 3 years hosting,Not guest favourite,Not guest favourite
Private room great location nearby NYC...,"Private room in rental unit in Jersey City, New Jersey, United States",2 guests Â·  Â· 1 bedroom Â·  Â· 1 bed Â·  Â· 1 shared bath,â‚¬Â 41Â ,Hosted by Spontaneously Living,9 years hosting,Not guest favourite,Not guest favourite
Private NYC Oasis | Times Square. Restaurant,"Entire rental unit in New York, United States",2 guests Â·  Â· 1 bedroom Â·  Â· 1 bed Â·  Â· 1 bath,â‚¬Â 290Â ,Hosted by M Social Hotel Times Square New York,1 month hosting,Not guest favourite,Not guest favourite
1 bedroom apartment,"Entire rental unit in New York, United States",2 guests Â·  Â· 1 bedroom Â·  Â· 1 bed Â·  Â· 1 bath,â‚¬Â 195Â ,Hosted by Nurfarzana,1 month hosting,Not guest favourite,Not guest favourite
Luxury Mupani Full Suite  @MushaindoroHS,"Room in Maplewood, New Jersey, United States",1 double bed Â·  Â· Shared bathroom,â‚¬Â 48Â ,Stay with Tendai D,10 years hosting,Not guest favourite,Not guest favourite
Single Pod - Shared Bath,"Room in hotel in New York, United States",1 guest Â·  Â· 1 bedroom Â·  Â· 1 bed Â·  Â· 0 shared baths,â‚¬Â 192Â ,Hosted by Pod Hotel,6 months hosting,Not guest favourite,Not guest favourite
Private Bedroom in Apartment EWR,"Room in Newark, New Jersey, United States",1 bed Â·  Â· Shared bathroom,â‚¬Â 42Â ,Stay with M, Â· 4 years hosting,Not guest favourite,Not guest favourite
Private Bedroom NJ,"Room in Newark, New Jersey, United States",1 bed Â·  Â· Shared bathroom,â‚¬Â 42Â ,Stay with M, Â· 4 years hosting,5.0,9
Cozy 2BR/1BA! Near Central Park!,"Entire rental unit in New York, United States",4 guests Â·  Â· 2 bedrooms Â·  Â· 2 beds Â·  Â· 1 bath,â‚¬Â 307Â ,Hosted by Vanessa, Â· 4 years hosting,Not guest favourite,Not guest favourite
Sweet Room 2,"Private room in rental unit in Newark, New Jersey, United States",2 guests Â·  Â· 1 bedroom Â·  Â· 1 bed Â·  Â· 1 shared bath,â‚¬Â 44Â ,Hosted by Gbemisola,1 year hosting,Not guest favourite,Not guest favourite
Modern private room near NYC - Female Only,"Room in Saddle Brook, New Jersey, United States",1 queen bed Â·  Â· Shared bathroom,â‚¬Â 63Â ,Stay with Silvia,1 month hosting,Not guest favourite,Not guest favourite
FutonBed inPrivate roomif Needed a place to sleep?,"Room in Wallington, New Jersey, United States",0 bedrooms Â·  Â· Shared bathroom,â‚¬Â 39Â ,Hosted by Mercy,1 month hosting,Not guest favourite,Not guest favourite
CozyRoom #1 Near NYC/EWR/Outlet,"Room in Hillside, New Jersey, United States",1 double bed Â·  Â· Shared bathroom,â‚¬Â 37Â ,Hosted by Andrey,1 month hosting,Not guest favourite,Not guest favourite
298 1/2  1A3 Spacious Private room near NYC,"Room in Newark, New Jersey, United States",1 double bed Â·  Â· Shared bathroom,â‚¬Â 37Â ,Hosted by Mario,9 years hosting,Not guest favourite,Not guest favourite
Big Sunny room by light rail/Bus to NYC WIFI,"Room in Jersey City, New Jersey, United States",1 queen bed Â·  Â· Shared bathroom,â‚¬Â 33Â ,Hosted by Eugene,11 years hosting,Not guest favourite,Not guest favourite
Big Bright Amazing Close to All !,"Room in New Rochelle, New York, United States",1 queen bed Â·  Â· Shared bathroom,â‚¬Â 54Â ,Hosted by Johanna,7 months hosting,Not guest favourite,Not guest favourite
Single room great safe area off I87 easy parking,"Room in Yonkers, New York, United States",1 queen bed Â·  Â· Shared bathroom,â‚¬Â 62Â ,Hosted by Peter,6 years hosting,Not guest favourite,Not guest favourite
143 2B1 Private Room Near NYC and EWR,"Room in Irvington, New Jersey, United States",2 beds Â·  Â· Shared bathroom,â‚¬Â 37Â ,Hosted by Mario,9 years hosting,Not guest favourite,Not guest favourite
COZY KING BED #1 Near Airport/NYC/Outlet,"Room in Newark, New Jersey, United States",1 bed Â·  Â· Shared bathroom,â‚¬Â 46Â ,Hosted by Marcilene,4 years hosting,Not guest favourite,Not guest favourite
Bottom Bunk for males,"Room in Yonkers, New York, United States",1 bed Â·  Â· Shared bathroom,â‚¬Â 23Â ,Hosted by Ricky,5 years hosting,Not guest favourite,Not guest favourite
Feel New York City like Movie star in UES,"Entire home in New York, United States",2 guests Â·  Â· 1 bedroom Â·  Â· 1 bed Â·  Â· 1 bath,â‚¬Â 371Â ,Hosted by Address In NYC,8 years hosting,Not guest favourite,Not guest favourite
"Modern Studio in Mount Vernon, NY","Entire rental unit in Mount Vernon, New York, United States",2 guests Â·  Â· Studio Â·  Â· 1 bath,â‚¬Â 96Â ,Hosted by Gregory,11 months hosting,Not guest favourite,Not guest favourite
Cheerful 1 bedroom home,"Room in East Orange, New Jersey, United States",1 bedroom Â·  Â· Shared bathroom,â‚¬Â 38Â ,Hosted by Sharon, Â· 2 years hosting,Not guest favourite,Not guest favourite
"""The Devon"" King Suite","Room in hotel in New York, United States",2 guests Â·  Â· 1 bedroom Â·  Â· 1 bed Â·  Â· 1 bath,â‚¬Â 262Â ,Hosted by Dan,6 years hosting,Not guest favourite,Not guest favourite
Room #5 on Littleton,"Room in Newark, New Jersey, United States",1 bed Â·  Â· Shared bathroom,â‚¬Â 38Â ,Hosted by Jaunt,3 years hosting,Not guest favourite,Not guest favourite
Sonder The Industrialist | Queen Room,"Room in boutique hotel in Brooklyn, New York, United States",2 guests Â·  Â· Studio Â·  Â· 1 bed Â·  Â· 1 private bath,â‚¬Â 365Â ,Hosted by Sonder (NYC),5 years hosting,Not guest favourite,Not guest favourite
Queen size recline bed,"Room in Mount Vernon, New York, United States",1 bed Â·  Â· Shared bathroom,â‚¬Â 60Â ,Hosted by Sakiynah,5 years hosting,Not guest favourite,Not guest favourite
Cozy studio with street view.,"Entire rental unit in Newark, New Jersey, United States",1 guest Â·  Â· 1 bedroom Â·  Â· 3 beds Â·  Â· 1 bath,â‚¬Â 59Â ,Hosted by Arica,9 years hosting,Not guest favourite,Not guest favourite
25 2C Entire 1BR Apt Near EWR,"Entire rental unit in Irvington, New Jersey, United States",1 guest Â·  Â· 1 bedroom Â·  Â· 1 bed Â·  Â· 1 bath,â‚¬Â 48Â ,Hosted by Mario,9 years hosting,Not guest favourite,Not guest favourite
Chic Studio w/Balcony near NYC | Kitchenette,"Entire serviced apartment in The Bronx, New York, United States",2 guests Â·  Â· 1 bedroom Â·  Â· 1 bed Â·  Â· 1 bath,â‚¬Â 238Â ,Hosted by Global Luxury Suites,9 years hosting,Not guest favourite,Not guest favourite
The 669 Studio Apt.,"Entire home in Newark, New Jersey, United States",3 guests Â·  Â· 1 bedroom Â·  Â· 1 bath,â‚¬Â 53Â ,Hosted by Jaunt,3 years hosting,Not guest favourite,Not guest favourite
We all need a peaceful space...,"Room in Jersey City, New Jersey, United States",1 queen bed Â·  Â· Shared bathroom,â‚¬Â 59Â ,Hosted by Spontaneously Living,9 years hosting,Not guest favourite,Not guest favourite
33 1FX Mini Studio near NYC and EWR,"Entire rental unit in Irvington, New Jersey, United States",2 guests Â·  Â· 1 bedroom Â·  Â· 1 bath,â‚¬Â 47Â ,Hosted by Mario,9 years hosting,Not guest favourite,Not guest favourite
Huge Bright Room with Meditation Corner near Penn,"Room in Newark, New Jersey, United States",1 double bed Â·  Â· Shared bathroom,â‚¬Â 28Â ,Hosted by Adrienne,4 years hosting,Not guest favourite,Not guest favourite
Lovely Top Floor 1 BR 1 Bed Apartment,"Entire rental unit in Elmont, New York, United States",3 guests Â·  Â· 1 bedroom Â·  Â· 2 beds Â·  Â· 1 bath,â‚¬Â 80Â ,Hosted by Morris,4 years hosting,Not guest favourite,Not guest favourite
ğŸ’œPerfect Suite#7 NEAR NewarkAIRPORT/NYC/OUTLETmall,"Room in Newark, New Jersey, United States",1 king bed Â·  Â· Private attached bathroom,â‚¬Â 56Â ,Hosted by Marcilene,4 years hosting,Not guest favourite,Not guest favourite
2024 in NYC Top bunk shared space MEN ONLY,"Room in Yonkers, New York, United States",1 bunk bed Â·  Â· Shared bathroom,â‚¬Â 23Â ,Hosted by Ricky,5 years hosting,Not guest favourite,Not guest favourite
Country Elegance Room w/ Queen Sz Bed 7 Mins  Penn,"Room in Newark, New Jersey, United States",1 queen bed Â·  Â· Shared bathroom,â‚¬Â 28Â ,Hosted by Adrienne,4 years hosting,Not guest favourite,Not guest favourite
Budget Friendly~ Hostel ~ Near EWR Airport,"Room in Irvington, New Jersey, United States",3 beds Â·  Â· Shared bathroom,â‚¬Â 22Â ,Hosted by Residence Empire,2 years hosting,Not guest favourite,Not guest favourite
Bright Spacious Room with plenty of storage,"Room in Rockville Centre, New York, United States",1 bed Â·  Â· Shared bathroom,â‚¬Â 55Â ,Hosted by Dionne,10 years hosting,4.92,13
Great comfort #1 BF,"Room in Newark, New Jersey, United States",1 bed Â·  Â· Shared bathroom,â‚¬Â 36Â ,Hosted by Jaunt,3 years hosting,Not guest favourite,Not guest favourite
"Room #1, Transit Hub, Large Apt, NYC Attractions!","Room in Newark, New Jersey, United States",2 beds Â·  Â· Shared bathroom,â‚¬Â 40Â ,Hosted by Savannah,2 years hosting,Not guest favourite,Not guest favourite
Hidden Gem ~Secluded Private Room.  ; ),"Private room in townhouse in Irvington, New Jersey, United States",2 guests Â·  Â· 1 bedroom Â·  Â· 1 bed Â·  Â· 1 shared bath,â‚¬Â 40Â ,Hosted by Residence Empire,2 years hosting,Not guest favourite,Not guest favourite
Summer street Iconic RM 3,"Room in Newark, New Jersey, United States",1 bed Â·  Â· Shared bathroom,â‚¬Â 33Â ,Hosted by Jaunt,3 years hosting,Not guest favourite,Not guest favourite
Cozy Queen Room in Times Square,"Entire rental unit in New York, United States",2 guests Â·  Â· 1 bedroom Â·  Â· 1 bed Â·  Â· 1 bath,â‚¬Â 205Â ,Hosted by OYO Times Square New York City,1 month hosting,Not guest favourite,Not guest favourite
Cozy Bedroom with desk near EWR Penn & Manhattan,"Room in Newark, New Jersey, United States",1 bed Â·  Â· Shared bathroom,â‚¬Â 29Â ,Hosted by Adrienne,4 years hosting,Not guest favourite,Not guest favourite
Dior Room 28 mins NY/ 8 mins EW,"Room in Newark, New Jersey, United States",1 bed Â·  Â· Shared bathroom,â‚¬Â 53Â ,Hosted by Lindsey,6 months hosting,Not guest favourite,Not guest favourite
"LUXE APT: Steps from Cross County Mall, near NYC","Entire rental unit in Yonkers, New York, United States",4 guests Â·  Â· 1 bedroom Â·  Â· 1 bed Â·  Â· 1 bath,â‚¬Â 228Â ,Hosted by Ilda, Â· 2 years hosting,5.0,23
Spacious Private Room & Bath - Close to NYC,"Room in Nutley, New Jersey, United States",1 queen bed Â·  Â· Shared bathroom,â‚¬Â 80Â ,Stay with Sunny, Â· 3 years hosting,4.95,104
Private Bedroom 2 EWR,"Room in Newark, New Jersey, United States",1 bed Â·  Â· Shared bathroom,â‚¬Â 40Â ,Stay with M, Â· 4 years hosting,Not guest favourite,Not guest favourite
"Great Location & Comfort near NYC, EWR, JFK, Mall","Entire guest suite in Elizabeth, New Jersey, United States",3 guests Â·  Â· 1 bedroom Â·  Â· 2 beds Â·  Â· 1 bath,â‚¬Â 83Â ,Hosted by Jorge, Â· 7 years hosting,Not guest favourite,Not guest favourite
Lovely 1 bedroom apartment in Central Harlem NYC,"Private room in serviced apartment in New York, United States",2 guests Â·  Â· 1 bedroom Â·  Â· 2 beds Â·  Â· 1 private bath,â‚¬Â 236Â ,Hosted by Michael, Â· 2 years hosting,4.88,41
"Cozy room, close to everything","Private room in loft in Clifton, New Jersey, United States",1 guest Â·  Â· 1 bedroom Â·  Â· 1 shared bath,â‚¬Â 56Â ,Hosted by Erick,2 years hosting,5.0,28
Vibrant Spacious Private Room 50â€ TV+Snack/Tea Bar,"Room in East Orange, New Jersey, United States",1 bedroom Â·  Â· Shared bathroom,â‚¬Â 47Â ,Hosted by Lateisha,6 months hosting,Not guest favourite,Not guest favourite
Spacious Rm. w/en suite close to EWR & Cruise Port,"Room in Newark, New Jersey, United States",2 beds Â·  Â· Private attached bathroom,â‚¬Â 72Â ,Stay with Louis, Â· 7 years hosting,4.92,249
Cozy modern apartment,"Room in Brooklyn, New York, United States",1 queen bed Â·  Â· Dedicated bathroom,â‚¬Â 194Â ,Stay with Gyasi, Â· 1 year hosting,4.94,18
Backyard Facing Terrace Room Near EWR & Manhattan,"Room in Newark, New Jersey, United States",1 bed Â·  Â· Shared bathroom,â‚¬Â 26Â ,Hosted by Adrienne,4 years hosting,Not guest favourite,Not guest favourite
Building Moments+Memories in NJ.,"Room in Irvington, New Jersey, United States",3 bunk beds Â·  Â· Shared bathroom,â‚¬Â 22Â ,Hosted by Residence Empire,2 years hosting,Not guest favourite,Not guest favourite
Great Room for 2 in Times Square,"Entire rental unit in New York, United States",2 guests Â·  Â· 1 bedroom Â·  Â· 1 bed Â·  Â· 1 bath,â‚¬Â 205Â ,Hosted by OYO Times Square New York City,1 month hosting,Not guest favourite,Not guest favourite
Sun Bright home in RVC,"Private room in home in Rockville Centre, New York, United States",1 guest Â·  Â· 1 bedroom Â·  Â· 1 bath,â‚¬Â 54Â ,Hosted by Ego,3 years hosting,Not guest favourite,Not guest favourite
Student special 30% near St. John hospital,"Room in Cedarhurst , Ny, United States",1 queen bed Â·  Â· Shared bathroom,â‚¬Â 60Â ,Stay with Hermies,9 years hosting,Not guest favourite,Not guest favourite
14 Mins from Times Square+NYC View from your Condo,"Private room in condo in West New York, New Jersey, United States",4 guests Â·  Â· 1 bedroom Â·  Â· 1 bed Â·  Â· 1 bath,â‚¬Â 147Â ,Hosted by TeamOneBaz,7 months hosting,Not guest favourite,Not guest favourite
Sunshine street view,"Room in Demarest, New Jersey, United States",1 queen bed Â·  Â· Dedicated bathroom,â‚¬Â 116Â ,Hosted by Quyen, Â· 1 year hosting,Not guest favourite,Not guest favourite
ClosetoNYC/JerseyCity|EWR10Min|Train6min|Bus1min,"Room in Maplewood, New Jersey, United States",1 queen bed Â·  Â· Shared bathroom,â‚¬Â 56Â ,Hosted by Lucienne, Â· 5 months hosting,Not guest favourite,Not guest favourite
En-suite Luxury Private Bedroom,"Room in Elmont, New York, United States",2 queen beds Â·  Â· Private attached bathroom,â‚¬Â 112Â ,Hosted by Madinat, Â· 2 years hosting,Not guest favourite,Not guest favourite
The â€œJersey City Reliefâ€ mins to NYC,"Entire rental unit in Jersey City, New Jersey, United States",2 guests Â·  Â· 1 bedroom Â·  Â· 2 beds Â·  Â· 1 bath,â‚¬Â 92Â ,Hosted by Darlene,3 years hosting,Not guest favourite,Not guest favourite
"Cozy room, close to everything","Private room in loft in Clifton, New Jersey, United States",1 guest Â·  Â· 1 bedroom Â·  Â· 1 shared bath,â‚¬Â 56Â ,Hosted by Erick,2 years hosting,5.0,28
Luxury king suite in prestigious waterfront home,"Room in Mamaroneck, New York, United States",2 beds Â·  Â· Shared bathroom,â‚¬Â 116Â ,Hosted by Dana & Mary, Â· 7 years hosting,4.94,52
Sunshine Garden View,"Room in Demarest, New Jersey, United States",1 queen bed Â·  Â· Dedicated bathroom,â‚¬Â 121Â ,Hosted by Quyen, Â· 1 year hosting,5.0,5
Cozy and Comfy studio apartment,"Entire rental unit in Kearny, New Jersey, United States",2 guests Â·  Â· 1 bedroom Â·  Â· 1 bath,â‚¬Â 105Â ,Hosted by Sergio,6 months hosting,Not guest favourite,Not guest favourite
Nice place to stay,"Room in Newark, New Jersey, United States",1 single bed Â·  Â· Shared bathroom,â‚¬Â 60Â ,Stay with Jose, Â· 7 months hosting,Not guest favourite,Not guest favourite
Master room - Best to visit NYC,"Room in Newark, New Jersey, United States",1 bed Â·  Â· Dedicated bathroom,â‚¬Â 93Â ,Hosted by R., Â· 2 years hosting,5.0,5
Chilling Place For a Perfect getaway,"Entire rental unit in Newark, New Jersey, United States",3 guests Â·  Â· 2 bedrooms Â·  Â· 2 beds Â·  Â· 2 baths,â‚¬Â 94Â ,Hosted by Ibuchim Kingsley, Â· 2 years hosting,Not guest favourite,Not guest favourite
Downtown Luxury with Breathtaking Views,"Entire loft in New York, United States",2 guests Â·  Â· 1 bedroom Â·  Â· 1 bath,â‚¬Â 511Â ,Hosted by Cam, Â· 1 year hosting,Not guest favourite,Not guest favourite
Private suite,"Private room in guest suite in Rahway, New Jersey, United States",3 guests Â·  Â· 1 bedroom Â·  Â· Half-bath,â‚¬Â 71Â ,Hosted by Cristina,1 month hosting,Not guest favourite,Not guest favourite
Private king suite w/ hot tub/pool & own bathroom,"Room in Bronx, New York, United States",2 bedrooms Â·  Â· Dedicated bathroom,â‚¬Â 157Â ,Hosted by John, Â· 2 years hosting,Not guest favourite,Not guest favourite
Perfect 3BR/1BA in Hell's Kitchen!,"Entire rental unit in New York, United States",6 guests Â·  Â· 3 bedrooms Â·  Â· 3 beds Â·  Â· 1 bath,â‚¬Â 438Â ,Hosted by Fermina, Â· 2 years hosting,Not guest favourite,Not guest favourite
'Candy Room' Bright and Open w/ Work Space Newark,"Room in Newark, New Jersey, United States",1 bed Â·  Â· Shared bathroom,â‚¬Â 28Â ,Hosted by Adrienne,4 years hosting,Not guest favourite,Not guest favourite
"Restful bedroom/Free parking!
Near EWR Airport","Room in Irvington, New Jersey, United States",1 double bed Â·  Â· Shared bathroom,â‚¬Â 56Â ,Hosted by Javier, Â· 3 years hosting,Not guest favourite,Not guest favourite
Luxury 1- bedroom rental unit in Bayonne,"Entire rental unit in Bayonne, New Jersey, United States",3 guests Â·  Â· 1 bedroom Â·  Â· 1 bath,â‚¬Â 141Â ,Hosted by Massama, Â· 2 years hosting,Not guest favourite,Not guest favourite
ONE BEDROOM With PRIVATE BATHROOM & ENTRANCE!!!,"Room in North Bergen, New Jersey, United States",1 queen bed Â·  Â· Shared bathroom,â‚¬Â 128Â ,Hosted by Alexis, Â· 5 years hosting,4.93,14
Incredibly spacious 3 bedroom unit with a zen feel,"Room in Queens, New York, United States",3 bedrooms Â·  Â· 3 beds Â·  Â· Dedicated bathroom,â‚¬Â 147Â ,Stay with Ayana, Â· 2 years hosting,Not guest favourite,Not guest favourite
"Cambridge Cottage - Your own ""Private Oasis""","Entire cottage in Englewood, New Jersey, United States",3 guests Â·  Â· 1 bedroom Â·  Â· 2 beds Â·  Â· 1 bath,â‚¬Â 185Â ,Hosted by Crystal, Â· 5 years hosting,Not guest favourite,Not guest favourite
Cozy 1 bedroom in â€œJersey Boysâ€ neighborhood,"Entire rental unit in Belleville, New Jersey, United States",2 guests Â·  Â· 1 bedroom Â·  Â· 1 bed Â·  Â· 1 bath,â‚¬Â 101Â ,Hosted by James,2 months hosting,Not guest favourite,Not guest favourite
Kislak 601 1BR Penthouse with Stunning Rooftop Ter,"Entire rental unit in Newark, New Jersey, United States",4 guests Â·  Â· 1 bedroom Â·  Â· 2 beds Â·  Â· 1 bath,â‚¬Â 197Â ,Hosted by Kislak,4 years hosting,Not guest favourite,Not guest favourite
Serene Oasis,"Room in Newark, New Jersey, United States",1 bed Â·  Â· Private attached bathroom,â‚¬Â 92Â ,Stay with Eric, Â· 7 years hosting,5.0,5
#3. Ridgewood Nice 1BedRm & Share,"Room in Newark, New Jersey, United States",1 bedroom Â·  Â· Shared bathroom,â‚¬Â 58Â ,Stay with Caroline, Â· 8 months hosting,4.91,22
Feel like home in a cozy private room,"Private room in townhouse in Bronx, New York, United States",2 guests Â·  Â· 1 bedroom Â·  Â· 1 bed Â·  Â· 1 shared bath,â‚¬Â 88Â ,Hosted by John, Â· 3 years hosting,Not guest favourite,Not guest favourite
Room in Jnâ€™s house,"Room in West Orange, New Jersey, United States",1 queen bed Â·  Â· Shared bathroom,â‚¬Â 53Â ,Stay with Jane,1 month hosting,Not guest favourite,Not guest favourite
Tranquil Haven: Cozy two bedrooms,"Room in Queens, New York, United States",2 bedrooms Â·  Â· Dedicated bathroom,â‚¬Â 211Â ,Hosted by Angelica,6 years hosting,Not guest favourite,Not guest favourite
14 Mins from Times Square+NYC View from your Condo,"Private room in condo in West New York, New Jersey, United States",4 guests Â·  Â· 1 bedroom Â·  Â· 1 bed Â·  Â· 1 bath,â‚¬Â 147Â ,Hosted by TeamOneBaz,7 months hosting,Not guest favourite,Not guest favourite
Student special 30% near St. John hospital,"Room in Cedarhurst , Ny, United States",1 queen bed Â·  Â· Shared bathroom,â‚¬Â 60Â ,Stay with Hermies,9 years hosting,Not guest favourite,Not guest favourite
Welcoming private studio space,"Private room in rental unit in New Hyde Park, New York, United States",2 guests Â·  Â· 1 bedroom Â·  Â· 1 private bath,â‚¬Â 116Â ,Hosted by Inderpreet,6 years hosting,Not guest favourite,Not guest favourite
Closter Cozy Room,"Room in Closter, New Jersey, United States",1 bedroom Â·  Â· Shared bathroom,â‚¬Â 63Â ,Hosted by Serpil, Â· 3 years hosting,4.83,18
The Rooftop,"Room in Newark, New Jersey, United States",1 queen bed Â·  Â· Shared bathroom,â‚¬Â 79Â ,Hosted by Raymond,7 years hosting,Not guest favourite,Not guest favourite
Penthouse in Manhattan 4BR private balcony,"Entire rental unit in New York, United States",6 guests Â·  Â· 4 bedrooms Â·  Â· 2 baths,"â‚¬Â 1,506Â ",Hosted by Ally, Â· 2 years hosting,5.0,6
Where the sand meets the sea...,"Entire rental unit in Long Beach, New York, United States",4 guests Â·  Â· 1 bedroom Â·  Â· 2 beds Â·  Â· 1 bath,â‚¬Â 213Â ,Hosted by Elizabeth, Â· 6 years hosting,4.95,136
Beautiful Private Room (Eliz.),"Room in Elizabeth, New Jersey, United States",1 bedroom Â·  Â· Shared bathroom,â‚¬Â 50Â ,Hosted by Sayo,2 years hosting,Not guest favourite,Not guest favourite
Backyard Facing Terrace Room Near EWR & Manhattan,"Room in Newark, New Jersey, United States",1 bed Â·  Â· Shared bathroom,â‚¬Â 26Â ,Hosted by Adrienne,4 years hosting,Not guest favourite,Not guest favourite
"Master room!12min to PENN & EWR, best to visit NYC","Room in Newark, New Jersey, United States",1 bedroom Â·  Â· Private attached bathroom,â‚¬Â 92Â ,Hosted by R., Â· 2 years hosting,Not guest favourite,Not guest favourite
Beautiful Private Room (Eliz.),"Room in Elizabeth, New Jersey, United States",1 bedroom Â·  Â· Shared bathroom,â‚¬Â 50Â ,Hosted by Sayo,2 years hosting,Not guest favourite,Not guest favourite
"The Adorable Q place
(Private)","Entire rental unit in West Hempstead, New York, United States",2 guests Â·  Â· 1 bedroom Â·  Â· 2 beds Â·  Â· 1 bath,â‚¬Â 238Â ,Hosted by Maria, Â· 2 years hosting,Not guest favourite,Not guest favourite
Luxe guest room,"Room in East Orange, New Jersey, United States",2 bedrooms Â·  Â· 1 bed Â·  Â· Shared bathroom,â‚¬Â 153Â ,Hosted by Myke,11 months hosting,Not guest favourite,Not guest favourite
"1 Bedroom Fuzzy Peach APT, PVT house","Entire rental unit in Newark, New Jersey, United States",4 guests Â·  Â· 1 bedroom Â·  Â· 2 beds Â·  Â· 1 bath,â‚¬Â 106Â ,Hosted by Michelle, Â· 3 years hosting,Not guest favourite,Not guest favourite
Gorgeous guest room with free street parking,"Room in Brooklyn, New York, United States",2 beds Â·  Â· Dedicated bathroom,â‚¬Â 128Â ,Stay with Pearline,2 years hosting,4.87,39
The Rockaway Beach House,"Room in Queens, New York, United States",2 bedrooms Â·  Â· 2 beds Â·  Â· Private attached bathroom,â‚¬Â 231Â ,Stay with Dina,6 months hosting,Not guest favourite,Not guest favourite
Private RM 3 cozy and warm,"Room in Paterson, New Jersey, United States",1 bed Â·  Â· Shared bathroom,â‚¬Â 54Â ,Hosted by Jesus, Â· 2 months hosting,Not guest favourite,Not guest favourite
The Height of University Heights / Green Room,"Room in Newark, New Jersey, United States",1 double bed Â·  Â· Dedicated bathroom,â‚¬Â 76Â ,Hosted by Dw,8 months hosting,5.0,5
Bright Private Room & Bath - Close to NYC,"Room in Nutley, New Jersey, United States",1 bed Â·  Â· Shared bathroom,â‚¬Â 75Â ,Hosted by Sunny, Â· 3 years hosting,4.97,37
"Home For You, So Enjoy","Entire rental unit in Newark, New Jersey, United States",4 guests Â·  Â· 1 bedroom Â·  Â· 1 bath,â‚¬Â 141Â ,Hosted by Felicitas,1 month hosting,Not guest favourite,Not guest favourite
Private room like an apartment.,"Private room in townhouse in Hackensack, New Jersey, United States",2 guests Â·  Â· 1 bedroom Â·  Â· 1 bed Â·  Â· 1 bath,â‚¬Â 75Â ,Hosted by Karim,7 years hosting,Not guest favourite,Not guest favourite
The â€œJersey City Reliefâ€ mins to NYC,"Entire rental unit in Jersey City, New Jersey, United States",2 guests Â·  Â· 1 bedroom Â·  Â· 2 beds Â·  Â· 1 bath,â‚¬Â 92Â ,Hosted by Darlene,3 years hosting,Not guest favourite,Not guest favourite
Brandnew Beautiful Space in Union .,"Private room in guest suite in Union, New Jersey, United States",2 guests Â·  Â· 1 bedroom Â·  Â· 1 bed Â·  Â· 1 private bath,â‚¬Â 96Â ,Hosted by GB BrazWill,2 years hosting,4.87,23
"Brand New, Heart of Times Square | City View","Entire rental unit in New York, United States",2 guests Â·  Â· Studio Â·  Â· 1 bed Â·  Â· 1 bath,â‚¬Â 320Â ,Hosted by Kimpton Theta New York City,3 months hosting,Not guest favourite,Not guest favourite
Grace Filled Apartment in Newark,"Entire rental unit in Newark, New Jersey, United States",4 guests Â·  Â· 3 bedrooms Â·  Â· 2 baths,â‚¬Â 127Â ,Hosted by Grace,5 months hosting,Not guest favourite,Not guest favourite
Brick City Bliss | 30 mins to NYC,"Entire home in Newark, New Jersey, United States",4 guests Â·  Â· 2 bedrooms Â·  Â· 2 beds Â·  Â· 1 bath,â‚¬Â 144Â ,Hosted by Joanna, Â· 8 months hosting,Not guest favourite,Not guest favourite
Private room like an apartment.,"Private room in townhouse in Hackensack, New Jersey, United States",2 guests Â·  Â· 1 bedroom Â·  Â· 1 bed Â·  Â· 1 bath,â‚¬Â 75Â ,Hosted by Karim,7 years hosting,Not guest favourite,Not guest favourite
"Charming, Lovely 3BR Close To American Dream & NYC","Entire rental unit in Belleville, New Jersey, United States",8 guests Â·  Â· 3 bedrooms Â·  Â· 4 beds Â·  Â· 1 bath,â‚¬Â 208Â ,Hosted by Jaime,3 years hosting,Not guest favourite,Not guest favourite
AKA Times Square - 2BDJR suite w/ Washer/Dryer,"Entire serviced apartment in New York, United States",5 guests Â·  Â· 2 bedrooms Â·  Â· 2 beds Â·  Â· 1 bath,â‚¬Â 652Â ,Hosted by Aka Times Square,6 years hosting,Not guest favourite,Not guest favourite
Cozy and Sunny Aztec Energy Room with Large Closet,"Room in Newark, New Jersey, United States",1 bed Â·  Â· Shared bathroom,â‚¬Â 25Â ,Hosted by Adrienne,4 years hosting,Not guest favourite,Not guest favourite
Brandnew Beautiful Space in Union .,"Private room in guest suite in Union, New Jersey, United States",2 guests Â·  Â· 1 bedroom Â·  Â· 1 bed Â·  Â· 1 private bath,â‚¬Â 96Â ,Hosted by GB BrazWill,2 years hosting,4.87,23
Untitled at 3 Freeman - Double Bunk,"Entire rental unit in New York, United States",4 guests Â·  Â· 1 bedroom Â·  Â· 2 beds Â·  Â· 1 bath,â‚¬Â 296Â ,Hosted by Untitled, Â· 6 years hosting,Not guest favourite,Not guest favourite
Private room for two people,"Room in Jersey City, New Jersey, United States",1 bed Â·  Â· Shared bathroom,â‚¬Â 130Â ,Hosted by Xinia, Â· 5 months hosting,Not guest favourite,Not guest favourite
The â€œJersey City Reliefâ€ mins to NYC,"Entire rental unit in Jersey City, New Jersey, United States",2 guests Â·  Â· 1 bedroom Â·  Â· 2 beds Â·  Â· 1 bath,â‚¬Â 92Â ,Hosted by Darlene,3 years hosting,Not guest favourite,Not guest favourite
"Brand New, Heart of Times Square | City View","Entire rental unit in New York, United States",2 guests Â·  Â· Studio Â·  Â· 1 bed Â·  Â· 1 bath,â‚¬Â 320Â ,Hosted by Kimpton Theta New York City,3 months hosting,Not guest favourite,Not guest favourite
Mansion near NYC,"Room in Paterson, New Jersey, United States",1 queen bed Â·  Â· Shared bathroom,â‚¬Â 80Â ,Hosted by Della, Â· 3 years hosting,Not guest favourite,Not guest favourite
Louiseâ€™s 3 cozy bedroom apartment Ose0000241,"Room in Queens, New York, United States",3 bedrooms Â·  Â· 3 queen beds Â·  Â· Shared bathroom,â‚¬Â 176Â ,Stay with Louise, Â· 3 years hosting,Not guest favourite,Not guest favourite
Beautiful room.,"Room in Elizabeth, New Jersey, United States",1 bedroom Â·  Â· Shared bathroom,â‚¬Â 51Â ,Stay with Katherine, Â· 2 years hosting,Not guest favourite,Not guest favourite
Cozy bedroom 6 min Newark Airport,"Room in Newark, New Jersey, United States",1 bedroom Â·  Â· Shared bathroom,â‚¬Â 46Â ,Hosted by Sharon, Â· 2 years hosting,Not guest favourite,Not guest favourite
New #2. Ridgewood Private 1BedRm & Shared Bath,"Room in Newark, New Jersey, United States",1 bed Â·  Â· Shared bathroom,â‚¬Â 58Â ,Stay with Caroline, Â· 8 months hosting,Not guest favourite,Not guest favourite
Madison's Upstairs Sanctuary,"Room in New Rochelle, New York, United States",2 beds Â·  Â· Shared bathroom,â‚¬Â 89Â ,Stay with Madison,9 years hosting,4.86,14
One Bedroom flat with private entrance walk down.,"Entire home in Elmont, New York, United States",2 guests Â·  Â· 1 bedroom Â·  Â· 1 bed Â·  Â· 1 bath,â‚¬Â 127Â ,Hosted by Carlton,3 years hosting,Not guest favourite,Not guest favourite
Kaliâ€™ and shivaâ€™s place,"Room in Jersey City, New Jersey, United States",3 bedrooms Â·  Â· 2 king beds Â·  Â· Dedicated bathroom,â‚¬Â 167Â ,Hosted by Xinia, Â· 5 months hosting,Not guest favourite,Not guest favourite
Beautiful room close to everything,"Room in North Bergen, New Jersey, United States",2 double beds Â·  Â· Shared bathroom,â‚¬Â 77Â ,Stay with Carlos,2 years hosting,Not guest favourite,Not guest favourite
Cozy bedroom 6 min Newark Airport,"Room in Newark, New Jersey, United States",1 bedroom Â·  Â· Shared bathroom,â‚¬Â 46Â ,Hosted by Sharon, Â· 2 years hosting,Not guest favourite,Not guest favourite
Kaliâ€™ and shivaâ€™s place,"Room in Jersey City, New Jersey, United States",3 bedrooms Â·  Â· 2 king beds Â·  Â· Dedicated bathroom,â‚¬Â 167Â ,Hosted by Xinia, Â· 5 months hosting,Not guest favourite,Not guest favourite
New #2. Ridgewood Private 1BedRm & Shared Bath,"Room in Newark, New Jersey, United States",1 bed Â·  Â· Shared bathroom,â‚¬Â 58Â ,Stay with Caroline, Â· 8 months hosting,Not guest favourite,Not guest favourite
Madison's Upstairs Sanctuary,"Room in New Rochelle, New York, United States",2 beds Â·  Â· Shared bathroom,â‚¬Â 89Â ,Stay with Madison,9 years hosting,4.86,14
One Bedroom flat with private entrance walk down.,"Entire home in Elmont, New York, United States",2 guests Â·  Â· 1 bedroom Â·  Â· 1 bed Â·  Â· 1 bath,â‚¬Â 127Â ,Hosted by Carlton,3 years hosting,Not guest favourite,Not guest favourite
"Adorable, spacious studio apartment.","Entire guest suite in Irvington, New Jersey, United States",3 guests Â·  Â· 1 bedroom Â·  Â· 1 bath,â‚¬Â 98Â ,Hosted by Mohammed,3 years hosting,Not guest favourite,Not guest favourite
Tree of Life Positivity Rm w/ Large Closet & Desk,"Room in Newark, New Jersey, United States",1 bed Â·  Â· Shared bathroom,â‚¬Â 27Â ,Hosted by Adrienne,4 years hosting,Not guest favourite,Not guest favourite
AKA Times Square - 2Bed Suite w/ Washer/Dryer,"Entire serviced apartment in New York, United States",5 guests Â·  Â· 2 bedrooms Â·  Â· 2 beds Â·  Â· 1 bath,â‚¬Â 711Â ,Hosted by Aka Times Square,6 years hosting,Not guest favourite,Not guest favourite
Beautiful room close to everything,"Room in North Bergen, New Jersey, United States",2 double beds Â·  Â· Shared bathroom,â‚¬Â 77Â ,Stay with Carlos,2 years hosting,Not guest favourite,Not guest favourite
The Suite,"Room in Newark, New Jersey, United States",0 bedrooms Â·  Â· Private attached bathroom,â‚¬Â 63Â ,Hosted by Raymond,7 years hosting,Not guest favourite,Not guest favourite
Lovely 1 Bed APT EZ Access to NY,"Entire rental unit in Newark, New Jersey, United States",2 guests Â·  Â· 1 bedroom Â·  Â· 1 bed Â·  Â· 1 bath,â‚¬Â 137Â ,Hosted by R., Â· 2 years hosting,Not guest favourite,Not guest favourite
"Closter House, peaceful, clean, beautiful  room","Room in Closter, New Jersey, United States",1 double bed Â·  Â· Shared bathroom,â‚¬Â 71Â ,Stay with Serpil, Â· 3 years hosting,Not guest favourite,Not guest favourite
2bed/ 2 bath Time Square NYC,"Entire rental unit in West New York, New Jersey, United States",4 guests Â·  Â· 2 bedrooms Â·  Â· 2 beds Â·  Â· 2 baths,"â‚¬Â 1,323Â ",Hosted by New York, Â· 4 years hosting,Not guest favourite,Not guest favourite
Modern Private Room - 2nd Floor South Near NYC,"Room in Mamaroneck, New York, United States",1 single bed Â·  Â· Shared bathroom,â‚¬Â 94Â ,Stay with Shay, Â· 3 years hosting,Not guest favourite,Not guest favourite
"Lux Apt, Walk to Best 5th Ave Shopping","Entire rental unit in New York, United States",2 guests Â·  Â· 1 bedroom Â·  Â· 1 bed Â·  Â· 1 bath,â‚¬Â 920Â ,Hosted by Aka, Â· 6 years hosting,Not guest favourite,Not guest favourite
"""The Cozy""-Private HotTub, Movie Room& Close to NY","Entire rental unit in East Orange, New Jersey, United States",3 guests Â·  Â· 1 bedroom Â·  Â· 1 bed Â·  Â· 1 bath,â‚¬Â 143Â ,Hosted by Oasis,2 years hosting,Not guest favourite,Not guest favourite
Peaceful Pvt RM  in sweet home,"Room in Paterson, New Jersey, United States",1 bed Â·  Â· Shared bathroom,â‚¬Â 54Â ,Hosted by Jesus, Â· 2 months hosting,Not guest favourite,Not guest favourite
New modern 1bd 1bth near train to NYC,"Entire rental unit in Maplewood, New Jersey, United States",4 guests Â·  Â· 1 bedroom Â·  Â· 1 bath,â‚¬Â 148Â ,Hosted by Dreams Of Luxe,2 years hosting,Not guest favourite,Not guest favourite
"Closter House, peaceful, clean, beautiful  room","Room in Closter, New Jersey, United States",1 double bed Â·  Â· Shared bathroom,â‚¬Â 71Â ,Stay with Serpil, Â· 3 years hosting,Not guest favourite,Not guest favourite
Beautiful room close to everything,"Room in North Bergen, New Jersey, United States",2 double beds Â·  Â· Shared bathroom,â‚¬Â 77Â ,Stay with Carlos,2 years hosting,Not guest favourite,Not guest favourite
Modern Private Room - 2nd Floor South Near NYC,"Room in Mamaroneck, New York, United States",1 single bed Â·  Â· Shared bathroom,â‚¬Â 94Â ,Stay with Shay, Â· 3 years hosting,Not guest favourite,Not guest favourite
La Madriguera,"Room in West New York, New Jersey, United States",1 bed Â·  Â· Shared bathroom,â‚¬Â 78Â ,Hosted by Miguel,5 months hosting,Not guest favourite,Not guest favourite
Home away from home in a quiet part of Teaneck,"Room in Teaneck, New Jersey, United States",1 queen bed Â·  Â· Shared bathroom,â‚¬Â 70Â ,Stay with Allison, Â· 8 years hosting,Not guest favourite,Not guest favourite
Hampton in Hackensack,"Room in Hackensack, New Jersey, United States",1 king bed Â·  Â· Shared bathroom,â‚¬Â 59Â ,Stay with Francisco,3 months hosting,Not guest favourite,Not guest favourite
Singing Jersey City Blues,"Entire rental unit in Jersey City, New Jersey, United States",5 guests Â·  Â· 2 bedrooms Â·  Â· 2 beds Â·  Â· 1 bath,â‚¬Â 215Â ,Hosted by Marty, Â· 8 months hosting,Not guest favourite,Not guest favourite
Peaceful Pvt RM  in sweet home,"Room in Paterson, New Jersey, United States",1 bed Â·  Â· Shared bathroom,â‚¬Â 54Â ,Hosted by Jesus, Â· 2 months hosting,Not guest favourite,Not guest favourite
Oasis @ Belle-view,"Entire home in Belleville, New Jersey, United States",6 guests Â·  Â· 2 bedrooms Â·  Â· 4 beds Â·  Â· 1 bath,â‚¬Â 157Â ,Hosted by Natt,6 years hosting,Not guest favourite,Not guest favourite
Dazzling Oasis | Times Square.  Restaurant,"Entire rental unit in New York, United States",4 guests Â·  Â· 1 bedroom Â·  Â· 2 beds Â·  Â· 1 bath,â‚¬Â 308Â ,Hosted by M Social Hotel Times Square New York,1 month hosting,Not guest favourite,Not guest favourite
7 mins from EWR. Cozy & clean,"Room in Newark, New Jersey, United States",1 bedroom Â·  Â· Shared bathroom,â‚¬Â 61Â ,Stay with Jordan,5 months hosting,Not guest favourite,Not guest favourite
Single room Near NYC,"Room in Newark, New Jersey, United States",2 single beds Â·  Â· Shared bathroom,â‚¬Â 88Â ,Stay with Iago, Â· 7 months hosting,4.89,19
Luxury Muwuyu Queen enSuite @MushaindoroHS,"Room in Maplewood, New Jersey, United States",1 queen bed Â·  Â· Private attached bathroom,â‚¬Â 64Â ,Stay with Tendai D,10 years hosting,Not guest favourite,Not guest favourite
Quiet & Clean Traveling Professionals Shared Suite,"Room in Newark, New Jersey, United States",2 double beds Â·  Â· Shared bathroom,â‚¬Â 63Â ,Hosted by Sandy & Tone,9 years hosting,Not guest favourite,Not guest favourite
The Doremifasol in lovely Montclair,"Room in Montclair, New Jersey, United States",7 beds Â·  Â· Shared bathroom,â‚¬Â 116Â ,Hosted by Anna, Â· 13 years hosting,4.92,169
Room  for healthcare pro near  St. John hospital,"Room in Cedarhurst, New York, United States",1 bed Â·  Â· Shared bathroom,â‚¬Â 60Â ,Hosted by Lynette, Â· 4 years hosting,Not guest favourite,Not guest favourite
Devon's Loft # 103,"Room in New Rochelle, New York, United States",1 bed Â·  Â· Shared bathroom,â‚¬Â 65Â ,Hosted by Devon,7 months hosting,Not guest favourite,Not guest favourite
Spacious 4 bed 2.5 bath close to NYC FREE Parking!,"Entire rental unit in North Bergen, New Jersey, United States",16+ guests Â·  Â· 4 bedrooms Â·  Â· 7 beds Â·  Â· 2.5 baths,â‚¬Â 326Â ,Hosted by Dean And Mirasol,2 years hosting,Not guest favourite,Not guest favourite
I have no eye for you but you,"Entire rental unit in New York, United States",2 guests Â·  Â· 1 bedroom Â·  Â· 1 bed Â·  Â· 1 bath,â‚¬Â 743Â ,Hosted by Tiffany,10 years hosting,Not guest favourite,Not guest favourite
Kislak 603 1BR Penthouse with Stunning Rooftop Ter,"Entire rental unit in Newark, New Jersey, United States",2 guests Â·  Â· 1 bedroom Â·  Â· 1 bed Â·  Â· 1 bath,â‚¬Â 189Â ,Hosted by Kislak,4 years hosting,Not guest favourite,Not guest favourite
Getaway | Times Square. Outdoor Pool,"Entire rental unit in New York, United States",2 guests Â·  Â· 1 bedroom Â·  Â· 1 bed Â·  Â· 1 bath,â‚¬Â 328Â ,Hosted by Margaritaville Resort Times Square NYC,1 month hosting,Not guest favourite,Not guest favourite
Absolutely Beautiful- 2 Bdrm Newark,"Entire rental unit in Newark, New Jersey, United States",6 guests Â·  Â· 2 bedrooms Â·  Â· 3 beds Â·  Â· 1 bath,â‚¬Â 149Â ,Hosted by Jfny, Â· 10 months hosting,Not guest favourite,Not guest favourite
"City style apartment, Beach Passes Included","Entire condo in Long Beach, New York, United States",2 guests Â·  Â· 1 bedroom Â·  Â· 1 bed Â·  Â· 1 bath,â‚¬Â 270Â ,Hosted by Jay,2 years hosting,4.85,20
Peaceful Private Room,"Room in Mount Vernon, New York, United States",1 bed Â·  Â· Private attached bathroom,â‚¬Â 139Â ,Hosted by Tricia, Â· 5 years hosting,4.96,27
The Doremifasol in lovely Montclair,"Room in Montclair, New Jersey, United States",7 beds Â·  Â· Shared bathroom,â‚¬Â 116Â ,Hosted by Anna, Â· 13 years hosting,4.92,169
Room F2 walk to LIJ Hospital,"Room in New Hyde Park, New York, United States",1 bed Â·  Â· Shared bathroom,â‚¬Â 83Â ,Hosted by Mange,3 years hosting,5.0,5
Sun Bright home in RVC,"Private room in home in Rockville Centre, New York, United States",1 guest Â·  Â· 1 bedroom Â·  Â· 1 bath,â‚¬Â 54Â ,Hosted by Ego,3 years hosting,Not guest favourite,Not guest favourite
Luxury Condo 5 mins from Newark Airport,"Entire rental unit in Newark, New Jersey, United States",6 guests Â·  Â· 2 bedrooms Â·  Â· 1 bath,â‚¬Â 189Â ,Hosted by King,4 months hosting,Not guest favourite,Not guest favourite
B1Cozy Room Lower Level Wi-Fi.2 Min Walk UBS Arena,"Room in Elmont, New York, United States",1 bedroom Â·  Â· Shared bathroom,â‚¬Â 73Â ,Stay with Mange,3 years hosting,Not guest favourite,Not guest favourite
"Artful UWS King Room - near Central Park, Museums","Room in hotel in New York, United States",2 guests Â·  Â· 1 bedroom Â·  Â· 1 bed Â·  Â· 1 shared bath,â‚¬Â 389Â ,Hosted by Arthouse Hotel,5 years hosting,Not guest favourite,Not guest favourite
"nyc 4 less, worryfree parking","Tiny home in Newark, New Jersey, United States",3 guests Â·  Â· 2 beds Â·  Â· 1 bath,â‚¬Â 97Â ,Hosted by Natalie,8 years hosting,Not guest favourite,Not guest favourite
Long Beach Historic Beach Home,"Entire home in Long Beach, New York, United States",8 guests Â·  Â· 5 bedrooms Â·  Â· 5 beds Â·  Â· 5.5 baths,â‚¬Â 891Â ,Hosted by Hannelore, Â· 10 years hosting,4.98,43
BRAND NEW 1 Bedroom 1 Bath Condo,"Entire rental unit in Belleville, New Jersey, United States",4 guests Â·  Â· 1 bedroom Â·  Â· 2 beds Â·  Â· 1 bath,â‚¬Â 110Â ,Hosted by Robert,4 years hosting,Not guest favourite,Not guest favourite
Tranquil Modern Townhome,"Entire home in East Orange, New Jersey, United States",4 guests Â·  Â· 2 bedrooms Â·  Â· 2 beds Â·  Â· 1.5 baths,â‚¬Â 152Â ,Hosted by DeAnda, Â· 1 year hosting,Not guest favourite,Not guest favourite
Shared Apt East Orange,"Room in East Orange, New Jersey, United States",1 bed Â·  Â· Shared bathroom,â‚¬Â 40Â ,Hosted by Omar,11 years hosting,Not guest favourite,Not guest favourite
Bright Modern Beach Home in Coney Island,"Room in Brooklyn, New York, United States",2 bedrooms Â·  Â· Dedicated bathroom,â‚¬Â 123Â ,Hosted by Lilac Wang,4 years hosting,Not guest favourite,Not guest favourite
Kislak 203 Luxurious 1BR Steps from Everything,"Entire rental unit in Newark, New Jersey, United States",4 guests Â·  Â· 1 bedroom Â·  Â· 2 beds Â·  Â· 1 bath,â‚¬Â 155Â ,Hosted by Kislak,4 years hosting,Not guest favourite,Not guest favourite
Cozy 2B Room! EZ to visit NYC,"Room in Newark, New Jersey, United States",1 bed Â·  Â· Shared bathroom,â‚¬Â 76Â ,Hosted by R., Â· 2 years hosting,Not guest favourite,Not guest favourite
Shared Apt East Orange,"Room in East Orange, New Jersey, United States",1 bed Â·  Â· Shared bathroom,â‚¬Â 40Â ,Hosted by Omar,11 years hosting,Not guest favourite,Not guest favourite
Affordable Luxury Home Near NYC / EWR,"Room in Newark, New Jersey, United States",2 bedrooms Â·  Â· 2 beds Â·  Â· Dedicated bathroom,â‚¬Â 146Â ,Stay with Maxwell,4 months hosting,Not guest favourite,Not guest favourite
Master Bedroom suite(private bathroom en-suite) 3,"Room in Irvington, New Jersey, United States",1 king bed Â·  Â· Private attached bathroom,â‚¬Â 79Â ,Hosted by Mohammed,3 years hosting,Not guest favourite,Not guest favourite
The garden,"Room in Elizabeth, New Jersey, United States",1 bedroom Â·  Â· Shared bathroom,â‚¬Â 46Â ,Hosted by Manuel, Â· 2 years hosting,Not guest favourite,Not guest favourite
Kim's Place,"Room in Newark, New Jersey, United States",1 bedroom Â·  Â· Shared bathroom,â‚¬Â 57Â ,Stay with Shuronne Kim, Â· 9 months hosting,5.0,10
Amazing views of NYC+Patio 10 mins from NYC,"Entire rental unit in Union City, New Jersey, United States",6 guests Â·  Â· 1 bedroom Â·  Â· 1 bed Â·  Â· 1 bath,â‚¬Â 395Â ,Hosted by Dean And Mirasol,2 years hosting,Not guest favourite,Not guest favourite
Waterfront property w/private room 9 miles to city,"Room in Jersey City, New Jersey, United States",1 bed Â·  Â· Dedicated bathroom,â‚¬Â 73Â ,Hosted by Ashley,10 months hosting,Not guest favourite,Not guest favourite
Cozy yet spacious 2 bed room,"Entire rental unit in Newark, New Jersey, United States",4 guests Â·  Â· 2 bedrooms Â·  Â· 2 beds Â·  Â· 0 baths,â‚¬Â 110Â ,Hosted by Octavia,7 months hosting,Not guest favourite,Not guest favourite
Your home away from home in the ironbound,"Entire serviced apartment in Newark, New Jersey, United States",5 guests Â·  Â· 2 bedrooms Â·  Â· 1 bath,â‚¬Â 124Â ,Hosted by Kevin,2 years hosting,5.0,5
Just For You - Cozy Guest Suite in Private Home,"Private room in guest suite in City of Orange, New Jersey, United States",2 guests Â·  Â· 1 bedroom Â·  Â· 1 bed Â·  Â· 1 shared bath,â‚¬Â 71Â ,Hosted by Stan,7 years hosting,Not guest favourite,Not guest favourite
Large Beautiful Bedroom,"Room in Yonkers, New York, United States",1 queen bed Â·  Â· Shared bathroom,â‚¬Â 109Â ,Stay with Ruth,6 years hosting,Not guest favourite,Not guest favourite
Mobility-Friendly King Haven in Lower Manhattan,"Entire rental unit in New York, United States",2 guests Â·  Â· 1 bedroom Â·  Â· 1 bed Â·  Â· 1 bath,â‚¬Â 303Â ,Hosted by Millennium Downtown,3 months hosting,Not guest favourite,Not guest favourite
NEW 1-bedroom apt w/ laundry near NYC train!,"Entire guest suite in City of Orange, New Jersey, United States",3 guests Â·  Â· 1 bedroom Â·  Â· 2 beds Â·  Â· 1 bath,â‚¬Â 137Â ,Hosted by Sonia,2 years hosting,Not guest favourite,Not guest favourite
Dazzling Oasis | City View. High Floor,"Entire rental unit in New York, United States",4 guests Â·  Â· 1 bedroom Â·  Â· 2 beds Â·  Â· 1 bath,â‚¬Â 314Â ,Hosted by M Social Hotel Times Square New York,1 month hosting,Not guest favourite,Not guest favourite
Luxurious Spacious Room   30 min to NYC,"Room in Bayonne, New Jersey, United States",1 double bed Â·  Â· Shared bathroom,â‚¬Â 60Â ,Hosted by Annemarie,7 years hosting,Not guest favourite,Not guest favourite
Safe&Clean  Bed R 3 min-EWR/20min-NY,"Room in Elizabeth, New Jersey, United States",1 queen bed Â·  Â· Shared bathroom,â‚¬Â 92Â ,Hosted by Ricardo, Â· 3 years hosting,Not guest favourite,Not guest favourite
Kim's Place,"Room in Newark, New Jersey, United States",1 bedroom Â·  Â· Shared bathroom,â‚¬Â 57Â ,Stay with Shuronne Kim, Â· 9 months hosting,5.0,10
NEW 1-bedroom apt w/ laundry near NYC train!,"Entire guest suite in City of Orange, New Jersey, United States",3 guests Â·  Â· 1 bedroom Â·  Â· 2 beds Â·  Â· 1 bath,â‚¬Â 137Â ,Hosted by Sonia,2 years hosting,Not guest favourite,Not guest favourite
Homey 2BR unit in Lenox Hill!,"Entire rental unit in New York, United States",4 guests Â·  Â· 2 bedrooms Â·  Â· 2 beds Â·  Â· 1 bath,â‚¬Â 271Â ,Hosted by Richard,2 years hosting,Not guest favourite,Not guest favourite
Modern 2 Bedroom Apartment near EWR - FunkyHaven47,"Entire rental unit in Union, New Jersey, United States",6 guests Â·  Â· 2 bedrooms Â·  Â· 4 beds Â·  Â· 1 bath,â‚¬Â 148Â ,Hosted by Edith,10 months hosting,5.0,6
1-Bedroom Hotel Suite - 1 bed,"Room in hotel in New York, United States",2 guests Â·  Â· 1 bedroom Â·  Â· 1 bed Â·  Â· 1 private bath,â‚¬Â 563Â ,Hosted by Suiteness,4 years hosting,Not guest favourite,Not guest favourite
Beautiful Newark/NYC beige room,"Room in Newark, New Jersey, United States",1 bed Â·  Â· Private attached bathroom,â‚¬Â 57Â ,Hosted by Oluwaseyi,3 years hosting,Not guest favourite,Not guest favourite
Luxurious Spacious Room   30 min to NYC,"Room in Bayonne, New Jersey, United States",1 double bed Â·  Â· Shared bathroom,â‚¬Â 60Â ,Hosted by Annemarie,7 years hosting,Not guest favourite,Not guest favourite
High Rise haven + Free Breakfast,"Entire rental unit in New York, United States",2 guests Â·  Â· 1 bedroom Â·  Â· 1 bed Â·  Â· 1 bath,â‚¬Â 463Â ,Hosted by Millennium Premier New York City,1 month hosting,Not guest favourite,Not guest favourite
The epitome of style and charm minutes from NYC.,"Entire home in New Rochelle, New York, United States",8 guests Â·  Â· 4 bedrooms Â·  Â· 6 beds Â·  Â· 3 baths,â‚¬Â 929Â ,Hosted by Jeff,9 years hosting,Not guest favourite,Not guest favourite
Modern and Stylish 2 Bedroom close to NYC!,"Entire rental unit in Bayonne, New Jersey, United States",6 guests Â·  Â· 2 bedrooms Â·  Â· 4 beds Â·  Â· 2 baths,â‚¬Â 194Â ,Hosted by Bruno,10 months hosting,Not guest favourite,Not guest favourite
Economical Apartment Near JFK,"Entire rental unit in Elmont, New York, United States",2 guests Â·  Â· 1 bedroom Â·  Â· 1 bed Â·  Â· 1 bath,â‚¬Â 125Â ,Hosted by Abbas,2 years hosting,Not guest favourite,Not guest favourite
Luxe 2rooms1bath 10 min from EWR,"Room in Newark, New Jersey, United States",2 bedrooms Â·  Â· 2 queen beds Â·  Â· Dedicated bathroom,â‚¬Â 147Â ,Hosted by Giai, Â· 6 months hosting,Not guest favourite,Not guest favourite
City Escape | Amazing view. High floor,"Entire rental unit in New York, United States",2 guests Â·  Â· 1 bedroom Â·  Â· 1 bed Â·  Â· 1 bath,â‚¬Â 374Â ,Hosted by Margaritaville Resort Times Square NYC,1 month hosting,Not guest favourite,Not guest favourite
"Modern, Comfortable, and Spacious Private Room","Private room in guesthouse in Linden, New Jersey, United States",3 guests Â·  Â· 1 bedroom Â·  Â· 1 bed Â·  Â· 1 private bath,â‚¬Â 79Â ,Hosted by Faheem, Â· 2 years hosting,Not guest favourite,Not guest favourite
Location: Midtown Manhattan/Amazing view,"Entire rental unit in Weehawken, New Jersey, United States",2 guests Â·  Â· 1 bedroom Â·  Â· 1 bed Â·  Â· 1 bath,â‚¬Â 456Â ,Hosted by Vicky,3 years hosting,Not guest favourite,Not guest favourite
Studio Deluxe - Accessible / Airbnb Weekly,"Room in hotel in New York, United States",2 guests Â·  Â· 1 bedroom Â·  Â· 1 bed Â·  Â· 1 bath,â‚¬Â 559Â ,Hosted by Aka, Â· 6 years hosting,Not guest favourite,Not guest favourite
Cozy quaint apartment 1 block from the beach!!,"Entire rental unit in Long Beach, New York, United States",4 guests Â·  Â· 2 bedrooms Â·  Â· 2 beds Â·  Â· 1 bath,â‚¬Â 279Â ,Hosted by Jannine, Â· 8 years hosting,4.97,31
Nambi1.,"Entire rental unit in Newark, New Jersey, United States",6 guests Â·  Â· 3 bedrooms Â·  Â· 2 baths,â‚¬Â 208Â ,Hosted by Margaret, Â· 8 years hosting,Not guest favourite,Not guest favourite
"Private bedroom + bath, 10min to NYC, monthly ONLY","Room in Union City, New Jersey, United States",1 bedroom Â·  Â· Shared bathroom,â‚¬Â 138Â ,Hosted by Diego,7 years hosting,Not guest favourite,Not guest favourite
Room F1-2 Min Walk To LIJ Hospital Wi-Fi,"Room in North New Hyde Park, New York, United States",1 bed Â·  Â· Shared bathroom,â‚¬Â 83Â ,Hosted by Mange,3 years hosting,Not guest favourite,Not guest favourite
ClosetoNYC|EWR10Min|PrudentialCenter15min|Bus1min,"Room in Maplewood, New Jersey, United States",1 queen bed Â·  Â· Shared bathroom,â‚¬Â 56Â ,Hosted by Lucienne, Â· 5 months hosting,Not guest favourite,Not guest favourite
"1 Bedroom Apt | Placemakr Wall Street, NYC","Room in aparthotel in New York, United States",2 guests Â·  Â· 1 bedroom Â·  Â· 2 beds Â·  Â· 1 bath,â‚¬Â 406Â ,Hosted by Placemakr Wall Street, Â· 3 years hosting,Not guest favourite,Not guest favourite
The Love Room in honor of Kouider Peter.,"Room in Jersey City, New Jersey, United States",1 bed Â·  Â· Shared bathroom,â‚¬Â 167Â ,Hosted by Xinia, Â· 5 months hosting,Not guest favourite,Not guest favourite
Quiet room w/ bath perfect for medical staff,"Room in Staten Island, New York, United States",1 bedroom Â·  Â· Private attached bathroom,â‚¬Â 70Â ,Stay with Hawa, Â· 5 months hosting,Not guest favourite,Not guest favourite
Saddle Brook Studio with Patio - Near NYC!,"Entire loft in Saddle Brook, New Jersey, United States",2 guests Â·  Â· Studio Â·  Â· 1 bed Â·  Â· 1 bath,â‚¬Â 156Â ,Hosted by Evolve,7 years hosting,Not guest favourite,Not guest favourite
The Parkway 3,"Room in East Orange, New Jersey, United States",1 bed Â·  Â· Shared bathroom,â‚¬Â 55Â ,Hosted by Greta, Â· 2 years hosting,Not guest favourite,Not guest favourite
Exceptional House,"Room in Belleville, New Jersey, United States",1 bedroom Â·  Â· Shared half bathroom,â‚¬Â 56Â ,Stay with Johan, Â· 2 years hosting,Not guest favourite,Not guest favourite
quiet furnished room close to New York City .,"Room in Teaneck, New Jersey, United States",1 bedroom Â·  Â· Shared bathroom,â‚¬Â 60Â ,Hosted by June,3 years hosting,Not guest favourite,Not guest favourite
World famous designerâ€™s abode-best view of NYC,"Entire condo in Weehawken, New Jersey, United States",4 guests Â·  Â· 3 bedrooms Â·  Â· 3 beds Â·  Â· 2 baths,â‚¬Â 491Â ,Hosted by Meli,3 years hosting,Not guest favourite,Not guest favourite
"Newly Renovated Sergeants Quarter, Sandy Hook NJ","Entire home in Middletown Township, New Jersey, United States",6 guests Â·  Â· 2 bedrooms Â·  Â· 4 beds Â·  Â· 1 bath,â‚¬Â 274Â ,Hosted by Dan, Â· 3 years hosting,4.90,49
Home away from Home feeling.,"Room in Valley Stream, New York, United States",2 queen beds Â·  Â· Shared bathroom,â‚¬Â 85Â ,Stay with Jawad,4 months hosting,Not guest favourite,Not guest favourite
33 1FX Mini Studio near NYC and EWR,"Entire rental unit in Irvington, New Jersey, United States",2 guests Â·  Â· 1 bedroom Â·  Â· 1 bath,â‚¬Â 47Â ,Hosted by Mario,9 years hosting,Not guest favourite,Not guest favourite
Fancy Studio,"Entire guesthouse in Newark, New Jersey, United States",2 guests Â·  Â· 1 bedroom Â·  Â· 1 bed Â·  Â· 1 bath,â‚¬Â 67Â ,Hosted by Rasheed,10 months hosting,Not guest favourite,Not guest favourite
Modern 3 Bedroom Apt. Shared Parking,"Entire rental unit in Newark, New Jersey, United States",7 guests Â·  Â· 3 bedrooms Â·  Â· 1 bath,â‚¬Â 184Â ,Hosted by Sean,2 years hosting,5.0,6
New Hotel in the Heart of Times Square | City View,"Entire rental unit in New York, United States",4 guests Â·  Â· Studio Â·  Â· 2 beds Â·  Â· 1 bath,â‚¬Â 354Â ,Hosted by Kimpton Theta New York City,3 months hosting,Not guest favourite,Not guest favourite
Luxury bedroom 6.,"Room in Irvington, New Jersey, United States",1 queen bed Â·  Â· Shared bathroom,â‚¬Â 58Â ,Hosted by Mohammed,3 years hosting,Not guest favourite,Not guest favourite
